{
  "training_duration": "00:00:43",
  "training_start_epoch": 0,
  "training_epochs": 39,
  "epoch": 39,
  "training_accuracy": 0.9619292778756267,
  "training_accuracy3": 0.9970193740685543,
  "training_loss": 0.14557359491785368,
  "validation_accuracy": 0.8353831598864712,
  "validation_accuracy3": 0.9489120151371807,
  "validation_loss": 0.5325162336230278,
  "best_epoch": 39,
  "best_validation_accuracy": 0.8353831598864712,
  "best_validation_accuracy3": 0.9489120151371807,
  "best_validation_loss": 0.5325162336230278,
  "test_accuracy": 0.8353831598864712,
  "test_accuracy3": 0.9489120151371807
}