{
  "training_duration": "00:00:32",
  "training_start_epoch": 0,
  "training_epochs": 39,
  "epoch": 39,
  "training_accuracy": 0.9617937948787427,
  "training_accuracy3": 0.9971548570654383,
  "training_loss": 0.14695286564528942,
  "validation_accuracy": 0.8500473036896878,
  "validation_accuracy3": 0.945600756859035,
  "validation_loss": 0.5263006910681725,
  "best_epoch": 39,
  "best_validation_accuracy": 0.8500473036896878,
  "best_validation_accuracy3": 0.945600756859035,
  "best_validation_loss": 0.5263006910681725,
  "test_accuracy": 0.8500473036896878,
  "test_accuracy3": 0.945600756859035
}